[
  {
    "line": 3,
    "elements": [
      {
        "start_timestamp": "2025-04-04T02:03:31.522Z",
        "line": 30,
        "name": "validar los mensajes de error de login fallido",
        "description": "",
        "id": "demo-form-(#2);validar-los-mensajes-de-error-de-login-fallido;;2",
        "type": "scenario",
        "keyword": "Esquema del escenario",
        "steps": [
          {
            "result": {
              "duration": 3285000000,
              "status": "passed"
            },
            "line": 22,
            "name": "que el usuario visita la pagina SauceDemoLoginPage",
            "match": {
              "arguments": [
                {
                  "val": "SauceDemoLoginPage",
                  "offset": 32
                }
              ],
              "location": "pe.com.bcp.techcases.testautomation.ui.steps.SauceStepDefinitions.queElUsuarioVisitaLaPaginaSauceDemoPage(java.lang.Class\u003cnet.thucydides.core.pages.PageObject\u003e)"
            },
            "keyword": "Dado "
          },
          {
            "result": {
              "duration": 354000000,
              "status": "passed"
            },
            "line": 23,
            "name": "ingresa las credenciales user y pass para iniciar sesión",
            "match": {
              "location": "pe.com.bcp.techcases.testautomation.ui.steps.SauceStepDefinitions.ingresaLasCredencialesYParaIniciarSesión(io.cucumber.datatable.DataTable)"
            },
            "rows": [
              {
                "cells": [
                  "user",
                  "password"
                ]
              },
              {
                "cells": [
                  "locked_out_user",
                  "secret_sauce"
                ]
              }
            ],
            "keyword": "Cuando "
          },
          {
            "result": {
              "duration": 35000000,
              "status": "passed"
            },
            "line": 26,
            "name": "valida que el mensaje de error contiene \"Epic sadface: Sorry, this user has been locked out.\"",
            "match": {
              "arguments": [
                {
                  "val": "\"Epic sadface: Sorry, this user has been locked out.\"",
                  "offset": 40
                }
              ],
              "location": "pe.com.bcp.techcases.testautomation.ui.steps.SauceStepDefinitions.validaQueElMensajeDeErrorContiene(java.lang.String)"
            },
            "keyword": "Entonces "
          }
        ],
        "tags": [
          {
            "name": "@web"
          },
          {
            "name": "@caso1"
          }
        ]
      },
      {
        "start_timestamp": "2025-04-04T02:03:36.017Z",
        "line": 42,
        "name": "validar los mensajes de error de login con credenciales incorrectas",
        "description": "",
        "id": "demo-form-(#2);validar-los-mensajes-de-error-de-login-con-credenciales-incorrectas;;2",
        "type": "scenario",
        "keyword": "Esquema del escenario",
        "steps": [
          {
            "result": {
              "duration": 2164000000,
              "status": "passed"
            },
            "line": 34,
            "name": "que el usuario visita la pagina SauceDemoLoginPage",
            "match": {
              "arguments": [
                {
                  "val": "SauceDemoLoginPage",
                  "offset": 32
                }
              ],
              "location": "pe.com.bcp.techcases.testautomation.ui.steps.SauceStepDefinitions.queElUsuarioVisitaLaPaginaSauceDemoPage(java.lang.Class\u003cnet.thucydides.core.pages.PageObject\u003e)"
            },
            "keyword": "Dado "
          },
          {
            "result": {
              "duration": 328000000,
              "status": "passed"
            },
            "line": 35,
            "name": "ingresa las credenciales user y pass para iniciar sesión",
            "match": {
              "location": "pe.com.bcp.techcases.testautomation.ui.steps.SauceStepDefinitions.ingresaLasCredencialesYParaIniciarSesión(io.cucumber.datatable.DataTable)"
            },
            "rows": [
              {
                "cells": [
                  "user",
                  "password"
                ]
              },
              {
                "cells": [
                  "ssssss",
                  "secret_sauce"
                ]
              }
            ],
            "keyword": "Cuando "
          },
          {
            "result": {
              "duration": 33000000,
              "status": "passed"
            },
            "line": 38,
            "name": "valida que el mensaje de error contiene \"Username and password do not match any user in this service\"",
            "match": {
              "arguments": [
                {
                  "val": "\"Username and password do not match any user in this service\"",
                  "offset": 40
                }
              ],
              "location": "pe.com.bcp.techcases.testautomation.ui.steps.SauceStepDefinitions.validaQueElMensajeDeErrorContiene(java.lang.String)"
            },
            "keyword": "Entonces "
          }
        ],
        "tags": [
          {
            "name": "@web"
          },
          {
            "name": "@caso1"
          }
        ]
      }
    ],
    "name": "Demo Form (#2)",
    "description": "  SauceDemo es un formulario WEB UI ejemplo para fines de entrenamiento\n  Por favor ver (https://www.saucedemo.com/)\n\n  -- DESCRIPCION --\n\n  Para este ejercicio, es necesario ingresar a la página \u0027saucedemo\u0027 para conocer el comportamiento de el formulario\n  de inicio de sesión, validar el comportamiento actual del escenario, validar los mensajes de error que controlan el formulario\n\n  1) Ingresa a la página y analiza el formulario para encontrar y AGREGAR más casos de prueba para el login incorrecto.\n  Por ejemplo: En el escenario actual se está utilizando un usuario bloqueado, esto es validado por el formulario\n  de login y finalmente me va a mostrar un mensaje de error controlado.\n  2) Resolver los errores de compilación y ejecución hasta completar correctamente el escensario.\n  3) Sientete libre de programar y agregar código si lo consideras necesario.\n  4) (+) Puedes hacer uso de DataTable para enviar las credenciales\n  5) (+) Genera el reporte HTML a partir de Cucumber o Serenity BDD",
    "id": "demo-form-(#2)",
    "keyword": "Característica",
    "uri": "file:src/test/resources/features/ui/demo_form-02.feature",
    "tags": [
      {
        "name": "@web",
        "type": "Tag",
        "location": {
          "line": 2,
          "column": 1
        }
      }
    ]
  }
]