[
  {
    "line": 3,
    "elements": [
      {
        "start_timestamp": "2025-04-04T01:04:04.582Z",
        "line": 22,
        "name": "Crear un nuevo usuario y modificar sus datos",
        "description": "",
        "id": "rest-test-(#2);crear-un-nuevo-usuario-y-modificar-sus-datos",
        "type": "scenario",
        "keyword": "Escenario",
        "steps": [
          {
            "result": {
              "duration": 265000000,
              "status": "passed"
            },
            "line": 23,
            "name": "que la URL es: \"api.base\"",
            "match": {
              "arguments": [
                {
                  "val": "\"api.base\"",
                  "offset": 15
                }
              ],
              "location": "pe.com.bcp.techcases.testautomation.api.steps.RestApiDefinition.queLaURLEs(java.lang.String)"
            },
            "keyword": "Dado "
          },
          {
            "result": {
              "duration": 2008000000,
              "status": "passed"
            },
            "line": 25,
            "name": "creo un nuevo usuario",
            "match": {
              "location": "pe.com.bcp.techcases.testautomation.api.steps.RestApiDefinition.creoUnNuevoUsuario(io.cucumber.datatable.DataTable)"
            },
            "rows": [
              {
                "cells": [
                  "name",
                  "job"
                ]
              },
              {
                "cells": [
                  "Juan",
                  "Profesor"
                ]
              }
            ],
            "keyword": "Cuando "
          },
          {
            "result": {
              "duration": 21000000,
              "status": "passed"
            },
            "line": 28,
            "name": "valido que el estado del servicio sea 201",
            "match": {
              "arguments": [
                {
                  "val": "201",
                  "offset": 38
                }
              ],
              "location": "pe.com.bcp.techcases.testautomation.api.steps.RestApiDefinition.validoQueElEstadoDelServicioSea(int)"
            },
            "keyword": "Entonces "
          },
          {
            "result": {
              "duration": 196000000,
              "status": "passed"
            },
            "line": 29,
            "name": "obtengo el id del nuevo usuario creado",
            "match": {
              "location": "pe.com.bcp.techcases.testautomation.api.steps.RestApiDefinition.obtengoElIdDelNuevoUsuarioCreado()"
            },
            "keyword": "Y "
          },
          {
            "result": {
              "duration": 681000000,
              "status": "passed"
            },
            "line": 31,
            "name": "actualizo el usuario creado con los nuevos datos",
            "match": {
              "location": "pe.com.bcp.techcases.testautomation.api.steps.RestApiDefinition.actualizoElUsuarioCreadoConLosNuevosDatos(io.cucumber.datatable.DataTable)"
            },
            "rows": [
              {
                "cells": [
                  "newName",
                  "newJob"
                ]
              },
              {
                "cells": [
                  "Maria",
                  "Doctor"
                ]
              }
            ],
            "keyword": "Cuando "
          },
          {
            "result": {
              "duration": 2000000,
              "status": "passed"
            },
            "line": 34,
            "name": "valido que el estado del servicio sea 200",
            "match": {
              "arguments": [
                {
                  "val": "200",
                  "offset": 38
                }
              ],
              "location": "pe.com.bcp.techcases.testautomation.api.steps.RestApiDefinition.validoQueElEstadoDelServicioSea(int)"
            },
            "keyword": "Entonces "
          },
          {
            "result": {
              "duration": 16000000,
              "status": "passed"
            },
            "line": 35,
            "name": "que los nuevos datos esten actualizados",
            "match": {
              "location": "pe.com.bcp.techcases.testautomation.api.steps.RestApiDefinition.queLosNuevosDatosEstenActualizados()"
            },
            "keyword": "Y "
          }
        ],
        "tags": [
          {
            "name": "@api"
          },
          {
            "name": "@caso1"
          }
        ]
      }
    ],
    "name": "Rest test (#2)",
    "description": "  ReqRes es una WEB API demo para fines de entrenamiento (por favor ver: https://reqres.in)\n\n  -- DESCRIPCION --\n\n  Para este ejercicio, es necesario ingresar a la página \u0027reqres.in\u0027 para conocer el contrato de los servicios para la\n  automatizacion end to end que consiste en crear un usuario y actualizar a partir del ID.\n\n  - Servicio de creación de usuarios --\u003e POST::/api/users\n  - Servicio de actualización de usuarios --\u003e PUT::/api/users/{id}\n\n  1) Crear un nuevo usuario, enviando el metodo y request necesario\n  2) La creación del usuario devolverá como respuesta al nuevo usuario y un nuevo ID\n  3) Con este ID, actualizar el usuario creado anteriormente, enviandole los parametros y body request necesario\n  4) Resolver los errores de compilación y ejecución hasta completar correctamente el escensario\n  5) Sientete libre de programar y agregar código si lo consideras necesario\n  6) Genera el reporte HTML a partir de Cucumber o Serenity BDD",
    "id": "rest-test-(#2)",
    "keyword": "Característica",
    "uri": "file:src/test/resources/features/api/api-demo-02.feature",
    "tags": [
      {
        "name": "@api",
        "type": "Tag",
        "location": {
          "line": 2,
          "column": 1
        }
      }
    ]
  }
]